{"nodes":{"node:0":{"location":{"x":10,"y":10}}},"selection":null,"view":{"scroll":{"x":-202.690704345703125,"y":-292.69317626953125},"zoom":1.25}}